country_code,nb_users
USA,2320
GBR,296
IND,280
CAN,271
AUS,192
DEU,189
FRA,161
BRA,142
NLD,138
SWE,111
ESP,108
ITA,102
POL,99
RUS,98
JPN,97
MEX,96
IDN,94
TUR,84
PHL,76
BEL,72
NOR,68
DNK,64
KOR,60
ARG,56
CHE,52
FIN,48
MYS,40
SGP,36
IRL,32
NZL,28
PRT,28
ROU,27
THA,27
GRC,26
PAK,25
CZE,25
AUT,24
HKG,24
TWN,23
ISR,23
SAU,22
VNM,22
COL,21
CHL,21
HUN,20
EGY,20
ARE,19
ZAF,18
PER,18
HRV,17
BGR,17
SRB,16
SVK,16
MAR,15
SVN,15
NGA,14
LTU,14
LVA,13
KEN,12
EST,12
BGD,11
LBN,11
ECU,10
IRQ,10
URY,9
GHA,9
LKA,8
NPL,8
CYP,7
CRI,7
JOR,6
TUN,5
QAT,5
KWT,4
OMN,4
ZWE,1
